"name","slug","description","assets","facets","optionGroups","optionValues","sku","price","taxCategory","stockOnHand","trackInventory","variantAssets","variantFacets",
"Absolute","absolute","Absolute","https://www.greenlife.co.ke/wp-content/uploads/2022/03/Absolute.png","category:pesticides|company:greenlife|type:inputs","Ml",100,"A2024020800001",666,"zero",100,"","","",""
"Aceprid","aceprid","Aceprid","https://karvelasavee.gr/wp-content/uploads/2021/03/ACEPRID-1-lt_white-2.jpg","category:pesticides|company:agrichem africa ltd|type:inputs","Grams",100,"A2024020800002",330,"zero",100,"","","",""
"Acetastar","acetastar","Acetastar","https://www.adama.com/east-africa/sites/adama_east_africa/files/styles/product_header_image_desktop/public/product-images/ACETASTAR-ken--M_tcm141-75932.png","category:pesticides|company:adama agriculture east africa ltd|type:inputs","Ml",100,"A2024020800003",250,"zero",100,"","","",""
"Acteclic Dust","acteclic-dust","Acteclic Dust","https://agrofog.com/wp-content/uploads/2021/07/syngenta-zyrox-600x600.jpg","category:others|company:syngenta|type:inputs","Grams",50,"A2024020800004",580,"zero",100,"","","",""
"","","","","","Kg",2,"A2024020800005",2230,"zero",100,"","","",""
"Actelic","actelic","Actelic","https://canada-plastics.com/wp-content/uploads/2020/11/plexiglass-acrylic-sheets-uses-benefits-canada-plastics.jpg","category:insecticides|company:nobrook|type:inputs","Grams",100,"A2024020800006",68,"zero",100,"","","",""
"Actelic Gold","actelic-gold","Actelic Gold","https://res.cloudinary.com/dhsjpmqz9/f_auto","q_auto","w_700","c_fill","g_auto/Actellic_Gold_Dust_DSC01209_klttmh","","Pieces",50,"A2024020800007",100,"zero",100
"Actelic Liquid","actelic-liquid","Actelic Liquid","https://agrofog.com/wp-content/uploads/2021/07/syngenta-actellic.jpg","category:pesticides|company:syngenta|type:inputs","Ml",100,"A2024020800008",765,"zero",100,"","","",""
"Actelic Super","actelic-super","Actelic Super","https://twigachemicals.com/wp-content/uploads/2022/03/Actellic-Super.jpg","","Grams",500,"A2024020800009",380,"zero",100,"","","",""
"Actellic Gold Dust","actellic-gold-dust","Actellic Gold Dust","https://res.cloudinary.com/dhsjpmqz9/f_auto","q_auto","w_700","c_fill","g_auto/Actellic_Gold_Dust_DSC01209_klttmh","category:hermetic|company:twiga chemical industries ltd.|type:inputs","Grams",100,"A2024020800010",191,"zero",100
"Actellic Insectside","actellic-insectside","Actellic Insectside","https://agrofog.com/wp-content/uploads/2022/12/syngenta-actellic300cs-2.jpg","category:pesticides|company:twiga chemical industries ltd.|type:inputs","Grams",200,"A2024020800011",186,"zero",100,"","","",""
"","","","","","Ml",200,"A2024020800012",209,"zero",100,"","","",""
"Actellic Insectside 3 Pic","actellic-insectside-3-pic","Actellic Insectside 3 Pic","https://pesafrica.net/wp-content/uploads/2023/09/Actellic-300-CS.jpg","","Kg",1,"A2024020800013",650,"zero",100,"","","",""
"Actellic Super","actellic-super","Actellic Super","https://twigachemicals.com/wp-content/uploads/2022/03/Actellic-Super.jpg","","Grams",100,"A2024020800014",120,"zero",100,"","","",""
"Acteric","acteric","Acteric","https://laarboleda.cr/LDCOM_V12/SERV_ADMIN_FILES/Archivos/Imagenes/Articulos_MED/S0064--112_MED.png","category:insecticides|category:livestock products|company:twiga|type:inputs","Grams",10,"A2024020800015",50,"zero",100,"","","",""
"Actraz","actraz","Actraz","https://jojemiagroshop.co.ke/wp-content/uploads/2023/06/Actraz.png","category:livestock products|acaricides company:osho chemical industries ltd|type:inputs","Ml",40,"A2024020800016",200,"zero",100,"","","",""
"Adacycline","adacycline","Adacycline","https://www.pavesvetagro.co.ke/images/catalog/Antibiotics/index24.jpg","category:drugs|company:bimeda kenya|type:inputs","Ml",100,"A2024020800017",290,"zero",100,"","","",""
"Adacycline 20%","adacycline-20-%","Adacycline 20 %","https://www.pavesvetagro.co.ke/images/catalog/Antibiotics/index24.jpg","","Ml",100,"A2024020800018",333,"zero",100,"","","",""
"Adamycin","adamycin","Adamycin","https://www.bimeda.co.ke/media/k2/items/cache/8ee107fb8e11fa27c5eb0c84c03d7dff_XL.jpg","category:pesticides|company:bimeda kenya|type:inputs","Ml",100,"A2024020800019",405,"zero",100,"","","",""
"Adamycin 10% ","adamycin-10%","Adamycin 10% ","https://www.bimeda.co.ke/media/k2/items/cache/8ee107fb8e11fa27c5eb0c84c03d7dff_XL.jpg","","Ml",100,"A2024020800020",382,"zero",100,"","","",""
"Advanced Dairy Concentrate","advanced-dairy-concentrate","Advanced Dairy Concentrate","https://unga-group.com/wp-content/uploads/2019/06/Dairy-Concentrate.png","category:salts|company:allure animal health ltd|type:inputs","Kg",1,"A2024020800021",158,"zero",100,"","","",""
"Aerine","aerine","Aerine","https://5.imimg.com/data5/SELLER/Default/2023/4/303882682/DG/HX/LS/56685307/bayer-roundup-herbicide.jpg","category:herbicide|company:bayer monsanto|type:inputs","Litre",5,"A2024020800022",2200,"zero",100,"","","",""
"Aflacf","aflacf","Aflacf","","category:fungicides|company:kalro|type:inputs","Kg",2,"A2024020800023",380,"zero",100,"","","",""
"African Night Shade","african-night-shade","African Night Shade","https://images-eu.ssl-images-amazon.com/images/I/41ZBsu23ghL._AC_UL210_SR210","210_.jpg","","Grams",100,"A2024020800024",250,"zero",100,"","",""
"Afya Bora","afya-bora","Afya Bora","https://unga-group.com/wp-content/uploads/2020/12/Joto-Plus-1.png","category:livestock products|company:unga|type:inputs","Kg",1,"A2024020800025",150,"zero",100,"","","",""
"Afyabora Stocklick","afyabora-stocklick","Afyabora Stocklick","https://unga-group.com/wp-content/uploads/2019/06/Stock-Lick.png","category:livestock products|company:unga ltd|type:inputs","Kg",5,"A2024020800026",260,"zero",100,"","","",""
"Agr Grow Extra","agr-grow-extra","Agr Grow Extra","http://www.agrichemtz.com/img/products/Agrigrow_Crystalline_VegetativExtra.png","category:fertilizers|company:agrichem africa ltd|type:inputs","Grams",500,"A2024020800027",150,"zero",100,"","","",""
"","","","","","Kg",1,"A2024020800028",250,"zero",100,"","","",""
"Agral","agral","Agral","https://twigachemicals.com/wp-content/uploads/2022/03/Agral-90.jpg","","Ml",50,"A2024020800029",87,"zero",100,"","","",""
"Agrigrow","agrigrow","Agrigrow","https://negocia.in/Upload/Product/original/6601.jpg","category:foliar|company:agrichem africa ltd|type:inputs","Grams",250,"A2024020800030",150,"zero",100,"","","",""
"","","","","","Kg",1,"A2024020800031",180,"zero",100,"","","",""
"Agrigrow Highmax","agrigrow-highmax","Agrigrow Highmax","https://agrichemafrica.com/wp-content/uploads/2020/11/Agrigrow-1024x455.jpg","category:foliar|company:highchem|type:inputs","Ml",500,"A2024020800032",350,"zero",100,"","","",""
"","","","","","Litre",1,"A2024020800033",700,"zero",100,"","","",""
"Agrimec","agrimec","Agrimec","https://inputs.kalgudi.com/data/p_images/1612332276616.jpeg","category:pesticides|company:kenagro supplies ltd|type:inputs","Ml",100,"A2024020800034",270,"zero",100,"","","",""
"","","","","","Kg",50,"A2024020800035",170,"zero",100,"","","",""
"Agrimine 24D","agrimine-24d","Agrimine 24D","https://scontent-hyd1-1.xx.fbcdn.net/v/t39.30808-6/242155305_4248813295214372_6621500403260464083_n.jpg","category:herbicide|company:agriscope africa ltd.|type:inputs","Litre",1,"A2024020800036",500,"zero",100,"","","",""
"Agripack Carrots","agripack-carrots","Agripack Carrots","","category:seeds|company:agripack seeds ltd|type:inputs","Grams",500,"A2024020800037",1250,"zero",100,"","","",""
"Agro Z Bags","agro-z-bags","Agro Z Bags","https://pictures-kenya.jijistatic.com/55155218_NjIwLTUxOC1kNjNlYTc5YjVm.webp","category:sacks|company:makamithi|type:inputs","Kg",100,"A2024020800038",220,"zero",100,"","","",""
"Agromaster","agromaster","Agromaster","https://www.perfarelalbero.it/559662-large_default/agromaster-npk-14-7-14.jpg","category:fertilizers|company:icl|type:inputs","Litre",5,"A2024020800039",3000,"zero",100,"","","",""
"Agromax","agromax","Agromax","https://5.imimg.com/data5/SELLER/Default/2021/12/SG/XI/BI/66828522/agromax-granulated-soil-conditioner-500x500.jpeg","category:pesticides|company:agrosolutions (k) ltd.|type:inputs","Grams",250,"A2024020800040",430,"zero",100,"","","",""
"","","","","","Kg",1,"A2024020800041",1350,"zero",100,"","","",""
"Agroset Bag","agroset-bag","Agroset Bag","https://imaginecare.co.ke/wp-content/uploads/2021/11/AgroZ-Bag-Plus.png","category:sacks|company:agroset|type:inputs","Pieces",5,"A2024020800042",199,"zero",100,"","","",""
"Agroz Hermetic Bags","agroz-hermetic-bags","Agroz Hermetic Bags","https://imaginecare.co.ke/wp-content/uploads/2021/11/AgroZ-Bag-Plus..png","category:hermetic|company:ago z|type:inputs","Kg",100,"A2024020800043",220,"zero",100,"","","",""
"","","","","","Sacks",5,"A2024020800044",220,"zero",100,"","","",""
"Agrozyme","agrozyme","Agrozyme","https://3.imimg.com/data3/PL/GC/MY-2815402/agro-zyme-500x500.jpg","category:plant growth booster|company:agrichem africa ltd|type:inputs","Ml",100,"A2024020800045",120,"zero",100,"","","",""
"Aibendazole","aibendazole","Aibendazole","https://www.netmeds.com/images/product-v1/600x600/962199/albendazole_cadila_suspension_10ml_494386_3_0.jpg","category:drugs|company:coopers kenya ltd|type:inputs","Ml",500,"A2024020800046",450,"zero",100,"","","",""
"Airtime","airtime","Airtime","","category:others|company:safaricom|type:inputs","Others",100,"A2024020800047",100,"zero",100,"","","",""
"Alamycin Aerosol","alamycin-aerosol","Alamycin Aerosol","https://www.shs.co.id/wp-content/uploads/2021/09/Alamycin-Aerosol.jpg","category:livestock products|company:norobrok|type:inputs","Grams",140,"A2024020800048",320,"zero",100,"","","",""
"Alamycin Spray","alamycin-spray","Alamycin Spray","https://alfamed.ie/wp-content/uploads/2020/12/Alamycin-Spray-2-jpg.jpg","","Grams",140,"A2024020800049",320,"zero",100,"","","",""
"Albafas","albafas","Albafas","https://images.app.goo.gl/TCh4ngEDYEZP2epJ6","category:livestock products|company:other|type:inputs","Ml",40,"A2024020800050",60,"zero",100,"","","",""
"","","","","","Litre",1,"A2024020800051",580,"zero",100,"","","",""
"Albafas 10%","albafas-10%","Albafas 10%","https://images.app.goo.gl/TCh4ngEDYEZP2epJ6","category:drugs|company:triachem|type:inputs","Ml",40,"A2024020800052",65,"zero",100,"","","",""
"Albafas 2.5%","albafas-2.5%","Albafas 2.5%","https://images.app.goo.gl/TCh4ngEDYEZP2epJ6","","Litre",1,"A2024020800054",250,"zero",100,"","","",""
"","","","","","Ml",500,"A2024020800055",135,"zero",100,"","","",""
"Albaroex","albaroex","Albaroex","https://galaxymedi.com/wp-content/uploads/2020/06/albroxjuniorsyrup1-768x768.jpg","category:pesticides|company:other|type:inputs","Ml",40,"A2024020800056",60,"zero",100,"","","",""
"Albenbolus","albenbolus","Albenbolus","https://5.imimg.com/data5/SELLER/Default/2023/3/DE/CW/PZ/127119446/albamac-1-5gm-bolus.jpg","category:livestock products|company:coopers kenya ltd|type:inputs","Grams",300,"A2024020800057",12,"zero",100,"","","",""
"Albendazole","albendazole","Albendazole","https://5.imimg.com/data5/SELLER/Default/2020/11/FV/NR/KM/111692368/albendazole-tablet.jpg","","Litre",1,"A2024020800058",643,"zero",100,"","","",""
"","","","","","Ml",250,"A2024020800059",240,"zero",100,"","","",""
"Albendazole 10%","albendazole-10%","Albendazole 10%","https://encrypted-tbn0.gstatic.com/images?q=tbn:ANd9GcSYwFLDo6hSuA2NwfELvQpks5FrGBTeGlEhsw&usqp=CAU","","Ml",250,"A2024020800060",250,"zero",100,"","","",""
"Albendazole 2.5%","albendazole-2.5%","Albendazole 2.5%","https://encrypted-tbn0.gstatic.com/images?q=tbn:ANd9GcSYwFLDo6hSuA2NwfELvQpks5FrGBTeGlEhsw&usqp=CAU","category:others|company:bimeda kenya|type:inputs","Ml",125,"A2024020800061",50,"zero",100,"","","",""
"Albendazole Drench 2.5%","albendazole-drench-2.5%","Albendazole Drench 2.5%","https://encrypted-tbn0.gstatic.com/images?q=tbn:ANd9GcSYwFLDo6hSuA2NwfELvQpks5FrGBTeGlEhsw&usqp=CAU","","Ml",120,"A2024020800062",58,"zero",100,"","","",""
"Albendazole Plus 10%","albendazole-plus-10%","Albendazole Plus 10%","https://encrypted-tbn0.gstatic.com/images?q=tbn:ANd9GcSYwFLDo6hSuA2NwfELvQpks5FrGBTeGlEhsw&usqp=CAU","","Ml",250,"A2024020800063",219,"zero",100,"","","",""
"Albendex","albendex","Albendex","https://spveterinaria.global/img/nju2ZqJv/900x600/1456.jpg","category:livestock products|company:alfavet|type:inputs","Grams",300,"A2024020800064",10,"zero",100,"","","",""
"Albendex 10%","albendex-10%","Albendex 10%","https://spveterinaria.global/img/nju2ZqJv/900x600/1456.jpg","category:livestock products|company:vetcare africa|type:inputs","Litre",1,"A2024020800065",550,"zero",100,"","","",""
"Albendex 2.5%","albendex-2.5%","Albendex 2.5%","https://spveterinaria.global/img/nju2ZqJv/900x600/1456.jpg","","Ml",120,"A2024020800066",50,"zero",100,"","","",""
"Albevet","albevet","Albevet","https://mobedco.com/wp-content/uploads/2023/02/587990432albevet-10.jpg","category:livestock products|company:medisel ltd|type:inputs","Grams",2,"A2024020800067",15,"zero",100,"","","",""
"Albevet 10%","albevet-10%","Albevet 10%","https://mobedco.com/wp-content/uploads/2023/02/587990432albevet-10.jpg","category:livestock products|company:medisel|type:inputs","Ml",500,"A2024020800068",370,"zero",100,"","","",""
"Alfacyper","alfacyper","Alfacyper","https://murphychemicals.co.ke/wp-content/uploads/elementor/thumbs/ALFACYPER-otsqik4ym40m5kzqwgnagupkzbq5iyygj46yqrsn00.jpg","category:pesticides|company:murphy chemicals|type:inputs","Ml",50,"A2024020800069",90,"zero",100,"","","",""
"Alfatox","alfatox","Alfatox","https://www.static-src.com/wcsstore/Indraprastha/images/catalog/full//103/MTA-54391657/no-brand_insektisida-alfatox-50ec-250ml-untuk-ulat-grayak_full01.jpg","category:pesticides|company:insecta (k)|type:inputs","Ml",250,"A2024020800070",475,"zero",100,"","","",""
"Alfatox 100Ec","alfatox-100ec","Alfatox 100Ec","https://www.static-src.com/wcsstore/Indraprastha/images/catalog/full//103/MTA-54391657/no-brand_insektisida-alfatox-50ec-250ml-untuk-ulat-grayak_full01.jpg","","Ml",100,"A2024020800071",200,"zero",100,"","","",""
"Alisary","alisary","Alisary","","category:others|company:holland|type:inputs","Grams",30,"A2024020800072",180,"zero",100,"","","",""
"All Purpose","all-purpose","All Purpose","https://encrypted-tbn0.gstatic.com/images?q=tbn:ANd9GcSlofRqaZUconEqZY8UkomKfCatYgUjR-Yrhp6cefgUlEfyIWdZco75qep6XX4vUCLPACI&usqp=CAU","category:livestock products|company:top ranch|type:inputs","Kg",5,"A2024020800073",150,"zero",100,"","","",""
"Alpha","alpha","Alpha","","category:pesticides|company:osho chemical industries ltd|type:inputs","Ml",50,"A2024020800074",115,"zero",100,"","","",""
"Alpha Degree","alpha-degree","Alpha Degree","https://pictures-kenya.jijistatic.com/22841609_NjIwLTgyNy1hZGU5MjE2OTQxLTE.webp","","Ml",100,"A2024020800075",237,"zero",100,"","","",""
"Alphacymba","alphacymba","Alphacymba","","category:pesticides|company:orbit|type:inputs","Ml",250,"A2024020800076",445,"zero",100,"","","",""
"Alphadegree","alphadegree","Alphadegree","https://pictures-kenya.jijistatic.com/22841609_NjIwLTgyNy1hZGU5MjE2OTQxLTE.webp","category:insecticides|company:agrichem africa ltd|type:inputs","Ml",50,"A2024020800077",98,"zero",100,"","","",""
"Alphakill","alphakill","Alphakill","https://pk-live-21.slatic.net/kf/S7bd448b0fbc64bb59084c43b62fd759dH.jpg","","Ml",100,"A2024020800078",230,"zero",100,"","","",""
"Alphasalphasin","alphasalphasin","Alphasalphasin","","category:pesticides|company:coopers kenya ltd|type:inputs","Ml",25,"A2024020800079",60,"zero",100,"","","",""
"Alphasin ","alphasin","Alphasin ","https://cdn.medigoapp.com/product/alphasin_kmp_khanh_minh_pharma_1_5dd1fb5210.jpg","category:insecticides|company:coopers kenya ltd|type:inputs","Ml",100,"A2024020800080",300,"zero",100,"","","",""
"Alphasumu 10Ec","alphasumu-10ec","Alphasumu 10Ec","https://5.imimg.com/data5/SELLER/Default/2023/5/311429087/WP/DV/VH/92805991/alpha-cypermethrin-10-ec.png","","Ml",100,"A2024020800081",180,"zero",100,"","","",""
"Alyseryl( Preventive Antibiotic)","alyseryl(-preventive-antibiotic)","Alyseryl( Preventive Antibiotic)","https://www.interchemie.com/media/catalog/product/cache/1/image/1200x/040ec09b1e35df139433887a97daa66f/m/e/medicine_ws_-_aliseryl_ws_-_1000g_jar_and_100g_sachet_2.png","category:others|company:medicel|type:inputs","Grams",250,"A2024020800082",200,"zero",100,"","","",""
"Amaranthus Dubious Mchicha","amaranthus-dubious-mchicha","Amaranthus Dubious Mchicha","https://www.feedipedia.org/sites/default/files/images/amaranthus_graecizans_iefnaer_habit.jpg","category:seeds|company:simlaw seeds|type:inputs","Grams",10,"A2024020800083",45,"zero",100,"","","",""
"Ambar","ambar","Ambar","https://www.ckl.africa/wp-content/uploads/2018/02/Coopers-Africa-1_0002_ckl-ambar-480-sc.png","category:herbicide|company:coopers kenya ltd|type:inputs","Ml",200,"A2024020800084",817,"zero",100,"","","",""
"Amidiostat Plus (Dawa)","amidiostat-plus-(dawa)","Amidiostat Plus (Dawa)","https://encrypted-tbn0.gstatic.com/images?q=tbn:ANd9GcR5NWOjgfMxWTfya7m_BtVViAIk7-Mc5PvJ889Ebs9VptfSrEYyKU1MejzRH5hJ8JHeHPc&usqp=CAU","category:poultry|company:medisel k ltd|type:inputs","Grams",30,"A2024020800085",135,"zero",100,"","","",""
"Amisil","amisil","Amisil","https://5.imimg.com/data5/IB/QF/MY-46571172/amisil.jpg","category:insecticides|company:amiran (k) ltd|type:inputs","Litre",1,"A2024020800086",2138,"zero",100,"","","",""
"","","","","","Ml",250,"A2024020800087",620,"zero",100,"","","",""
"Amistar","amistar","Amistar","https://cdn.shopify.com/s/files/1/0722/2059/products/1_40.webp?v=1674220672","category:herbicide|company:syngenta|type:inputs","Litre",1,"A2024020800088",3200,"zero",100,"","","",""
"Amistar Extra","amistar-extra","Amistar Extra","https://www.agriplexindia.com/cdn/shop/products/Amistar-xtra.png?v=1678698549","","Litre",1,"A2024020800089",4200,"zero",100,"","","",""
"Amito","amito","Amito","https://5.imimg.com/data5/SELLER/Default/2022/4/DI/LA/KA/61294604/amito-dx-syrup.jpg","category:insecticides|company:botachem industries|type:inputs","Grams",50,"A2024020800090",282,"zero",100,"","","",""
"Amplified Sow And Weaner","amplified-sow-and-weaner","Amplified Sow And Weaner","https://unga-group.com/wp-content/uploads/2019/06/sow-and-weaner.png","category:livestock products|company:tarajio industries lilited|type:inputs","Kg",5,"A2024020800091",140,"zero",100,"","","",""
"Animal Feed","animal-feed","Animal Feed","https://2.wlimg.com/product_images/bc-full/2020/12/7146538/animal-feed-1608982448-5664685.jpeg","category:livestock products|company:total campany|type:inputs","Bags",40,"A2024020800092",900,"zero",100,"","","",""
"Animatic Calcium","animatic-calcium","Animatic Calcium","https://jojemiagroshop.co.ke/wp-content/uploads/2023/06/calcyum.png","","Ml",100,"A2024020800093",81,"zero",100,"","","",""
"Animatic Dcp","animatic-dcp","Animatic Dcp","https://pictures-kenya.jijistatic.com/52845483_NjIwLTgyNy0xZmMzOGQ5YWVkLTE.webp","","Grams",250,"A2024020800094",46,"zero",100,"","","",""
"Apron Star","apron-star","Apron Star","https://storage.googleapis.com/ezyagric-media/image/Apron-Star-42WS-1kg.png","","Grams",10,"A2024020800095",200,"zero",100,"","","",""
"Apronstar","apronstar","Apronstar","https://storage.googleapis.com/ezyagric-media/image/Apron-Star-42WS-1kg.png","category:seedlings|company:sgengenta|type:inputs","Grams",10,"A2024020800096",200,"zero",100,"","","",""
"Aquawet","aquawet","Aquawet","https://agroduka.com/images/product/Aquawet2050SL.jpg","","Litre",1,"A2024020800097",410,"zero",100,"","","",""
"","","","","","Ml",500,"A2024020800098",265,"zero",100,"","","",""
