name,slug,description,assets,facets ,optionGroups,optionValues,sku,price,taxCategory,stockOnHand,trackInventory,variantAssets,variantFacets
Absolute,absolute,Absolute,absolute.webp,category:pesticides|company:greenlife|type:inputs ,Ml,100,A2024020800001,666,zero,100,,,
Acteric,acteric,Acteric,acteric.png,category:insecticides|category:livestock products|company:twiga|type:inputs,Grams,10,A2024020800015,50,zero,100,,,
Acteclic Dust,acteclic-dust,Acteclic Dust,acteclic-dust.jpg,category:others|company:syngenta|type:inputs,Grams,50,A2024020800004,580,zero,100,,,
,,,,,Grams,2000,A2024020800005,2230,zero,100,,,
Aerine,aerine,Aerine,aerine.jpg,category:herbicide|company:bayer monsanto|type:inputs,Litre,5,A2024020800022,2200,zero,100,,,
Agrigrow,agrigrow,Agrigrow,agrigrow.jpg,category:foliar|company:agrichem africa ltd|type:inputs,Grams,250,A2024020800030,150,zero,100,,,
Agromaster,agromaster,Agromaster,agromaster.webp,category:fertilizers|company:icl|type:inputs,Litre,5,A2024020800039,3000,zero,100,,,
Agromax,agromax,Agromax,agromax.webp,category:pesticides|company:agrosolutions (k) ltd.|type:inputs,Grams,250,A2024020800040,430,zero,100,,,
Agrimec,agrimec,Agrimec,agrimec.jpeg,category:pesticides|company:kenagro supplies ltd|type:inputs,Ml,100,A2024020800034,270,zero,100,,,
,,,,,Kg,50,A2024020800035,170,zero,100,,,
Avocado Seedlings,avocado-seedlings,Avocado Seedlings,avocado-seedlings.webp,category:seedlings|company:greenland seedling|type:inputs,Pieces,1,A2024020800112,150,zero,100,,,
Axe,axe,Axe,axe.jpg,category:others|company:jogoo kenya|type:inputs,. Pieces,3,A2024020800113,650,zero,100,,,
B Safi,b-safi,B Safi,b-safi.webp,,Ml,500,B2024020800118,1150,zero,100,,,
Batalion,batalion,Batalion,batalion.jpg,category:pesticides|company:arista|type:inputs,Ml,50,B2024020800130,90,zero,100,,,
Beansclean,beansclean,Beansclean,beansclean.jpg,category:pesticides|company:hanzhou ea|type:inputs,Kg,10,B2024020800140,350,zero,100,,,
,,,,,Ml,500,B2024020800141,700,zero,100,,,
Batisa,batisa,Batisa,batisa.jpg,,Grams,100,B2024020800131,290,zero,100,,,
Bean Seeds,bean-seeds,Bean Seeds,bean-seeds.jpg,category:seeds|company:dryland seeds|type:inputs,Kg,20,B2024020800132,180,zero,100,,,
Beancare,beancare,Beancare,beancare.jpg,category:herbicide|company:best field ea|type:inputs,Litre,1,B2024020800133,1700,zero,100,,,
Beans Cereals,beans-cereals,Beans Cereals,beans-cereals.jpg,category:innoculant|company:lakaam farmers centre|type:inputs,Bags,90,B2024020800136,8000,zero,100,,,
Beans Clea,beans-clea,Beans Clea,beans-clea.jpg,category:herbicide|company:hanzhou ea|type:inputs,Litre,1,B2024020800137,1250,zero,100,,,
C5 Onion,c5-onion,C5 Onion,c5-onion.jpg,,Grams,500,C2024020800193,2700,zero,100,,,
Cabbage,cabbage,Cabbage,cabbage.webp,,Grams,35,C2024020800194,2800,zero,100,,,
Cabbage Copenhagen,cabbage-copenhagen,Cabbage Copenhagen,cabbage-copenhagen.jpg,category:seeds|company:simlaw|type:inputs,Grams,50,C2024020800195,112,zero,100,,,
Chicken Mash,chicken-mash,Chicken Mash,chicken-mash.jpg,category:others|company:ken broiler|type:inputs,Bags,30,C2024020800258,280,zero,100,,,
,,,,,Kg,5,C2024020800259,220,zero,100,,,
Calboro,calboro,Calboro,calboro.webp,category:foliar|company:chema|type:inputs,Litre,500,C2024020800196,650,zero,100,,,
Calfoset Injection,calfoset-injection,Calfoset Injection,calfoset-injection.jpg,category:livestock products|company:medisel k ltd|type:inputs,Ml,100,C2024020800198,330,zero,100,,,
Cuprocaffaro,cuprocaffaro,Cuprocaffaro,cuprocaffaro.jpg,category:pesticides|company:arysta lifescience|type:inputs,Kg,2,C2024020800306,1600,zero,100,,,
,,,,,Litre,1,C2024020800307,1600,zero,100,,,
Cyclotron,cyclotron,Cyclotron,cyclotron.png,,Ml,100,C2024020800311,230,zero,100,,,
Dry Maize Stalks,dry-maize-stalks,Dry Maize Stalks,dry-maize-stalks.webp,category:others|company:local farmer|type:inputs,Acres,1,D2024020800408,1000,zero,100,,,
Dual Deep,dual-deep,Dual Deep,dual-deep.jpg,category:livestock products|company:noorwbrook|type:inputs,Ml,40,D2024020800409,200,zero,100,,,
Dithane Murphy,dithane-murphy,Dithane Murphy,dithane-murphy.jpg,,Pieces,500,D2024020800392,420,zero,100,,,
,,,,,Grams,50,D2024020800393,64,zero,100,,,
Duduthine,duduthine,Duduthine,duduthine.webp,category:pesticides|company:highchem|type:inputs,Pieces,50,D2024020800411,100,zero,100,,,
Easeed Garden,easeed-garden,Easeed Garden,easeed-garden.jpg,category:others|company:east africa seed|type:inputs,Litre,1,E2024020800425,225,zero,100,,,
East Africa Carrots,east-africa-carrots,East Africa Carrots,east-africa-carrots.jpg,,Grams,500,E2024020800426,1258,zero,100,,,
Eastleigh Food,eastleigh-food,Eastleigh Food,eastleigh-food.jpeg,,Bags,10,E2024020800428,200,zero,100,,,
Evergrow Organic,evergrow-organic,Evergrow Organic,evergrow-organic.jpeg,category:fertilizers|company:agriprofocus|type:inputs,Kg,50,E2024020800484,1800,zero,100,,,
,,,,,Bags,50,E2024020800485,1800,zero,100,,,
Easy Grow,easy-grow,Easy Grow,easy-grow.jpg,category:foliar|company:osho chemical industries ltd|type:inputs,Grams,120,E2024020800429,150,zero,100,,,
Faida Kienyeji,faida-kienyeji,Faida Kienyeji,faida-kienyeji.jpg,category:livestock products|company:kitale industries ltd|type:inputs,Kg,50,F2024020800487,2300,zero,100,,,
Falcon Can Fertilizers,falcon-can-fertilizers,Falcon Can Fertilizers,falcon-can-fertilizers.jpg,,Kg,50,F2024020800488,2570,zero,100,,,
Falcon Fertilizers,falcon-fertilizers,Falcon Fertilizers,falcon-fertilizers.jpg,,Kg,50,F2024020800489,2550,zero,100,,,
Fanisi,fanisi,Fanisi,fanisi.jpg,category:fertilizers|company:fanisi company|type:inputs,Kg,50,F2024020800491,5200,zero,100,,,
Farmate Spray,farmate-spray,Farmate Spray,farmate-spray.jpg,category:others|company:farmate|type:inputs,Litre,1,F2024020800492,250,zero,100,,,
Fugo Feeds,fugo-feeds,Fugo Feeds,fugo-feeds.png,category:feeds|company:bb company|type:inputs,Kg,1,F2024020800548,55,zero,100,,,
Fukokill,fukokill,Fukokill,fukokill.webp,category:pesticides|company:imaginecare|type:inputs,Grams,25,F2024020800549,65,zero,100,,,
Fusilande Forte,fusilande-forte,Fusilande Forte,fusilande-forte.jpg,,Litre,1,F2024020800551,2050,zero,100,,,
Gadam,gadam,Gadam,gadam.jpg,category:seeds|company:karlo|type:inputs,Kg,2,G2024020800552,330,zero,100,,,
Galigan,galigan,Galigan,galigan.jpg,category:herbicide|company:amiran (k) ltd|type:inputs,Litre,5,G2024020800553,2500,zero,100,,,
Gardal,gardal,Gardal,gardal.webp,,Ml,120,G2024020800554,170,zero,100,,,
Genie Gold,genie-gold,Genie Gold,genie-gold.jpg,category:foliar|company:kenagro supplies ltd|type:inputs,Ml,100,G2024020800555,200,zero,100,,,
Giant Nightshade Managu,giant-nightshade-managu,Giant Nightshade Managu,giant-nightshade-managu.jpg,,Grams,10,G2024020800556,45,zero,100,,,
Glean,glean,Glean,glean.webp,,Grams,1,G2024020800557,40,zero,100,,,
Glo Plus,glo-plus,Glo Plus,glo-plus.png,category:fertilizers|company:real ipm kenya|type:inputs,Grams,50,G2024020800558,150,zero,100,,,
Haraka Seeds,haraka-seeds,Haraka Seeds,haraka-seeds.webp,category:seeds|company:western seeds|type:inputs,Kg,2,H2024020800598,700,zero,100,,,
Hass Avocados,hass-avocados,Hass Avocados,hass-avocados.png,category:seeds|company:keru farm technology|type:inputs,Kg,4,H2024020800600,410,zero,100,,,
Heifers,heifers,Heifers,heifers.jpg,category:others|company:kosiom farm|type:inputs,Others,1,H2024020800611,30000,zero,100,,,
Herbikill,herbikill,Herbikill,herbikill.png,,Ml,500,H2024020800612,475,zero,100,,,
Hermatic Bag,hermatic-bag,Hermatic Bag,hermatic-bag.jpg,,Bags,100,H2024020800618,200,zero,100,,,
High Iron Beans,high-iron-beans,High Iron Beans,high-iron-beans.jpg,category:seeds|company:kalro|type:inputs,Kg,50,H2024020800620,560,zero,100,,,
High Yield,high-yield,High Yield,high-yield.jpg,category:livestock products|company:mant farm care|type:inputs,Sacks,10,H2024020800624,350,zero,100,,,
Highmax,highmax,Highmax,highmax.webp,,Ml,500,H2024020800626,350,zero,100,,,
Honet,honet,Honet,honet.png,category:fungicides|company:jiangsu|type:inputs,Ml,50,H2024020800631,160,zero,100,,,
Hornets,hornets,Hornets,hornets.jpg,category:pesticides|company:jiangsu|type:inputs,Ml,50,H2024020800632,160,zero,100,,,
I-Clipse 100Cs,i-clipse-100cs,I-Clipse 100Cs,i-clipse-100cs.png,,Ml,15,I2024020800645,220,zero,100,,,
Ideal Block,ideal-block,Ideal Block,ideal-block.png,category:livestock products|company:nk|type:inputs,Kg,2,I2024020800646,170,zero,100,,,
Incubator,incubator,Incubator,incubator.jpg,,Pieces,1,I2024020800647,14000,zero,100,,,
Incubator Fan,incubator-fan,Incubator Fan,incubator-fan.jpg,,Pieces,1,I2024020800648,1,zero,100,,,
Ivermet,ivermet,Ivermet,ivermet.webp,category:poultry|company:metrovet kenya|type:inputs,Ml,50,I2024020800663,290,zero,100,,,
Jembe Handles,jembe-handles,Jembe Handles,jembe-handles.jpg,category:others|company:js|type:inputs,Others,1,J2024020800667,50,zero,100,,,
Jundo,jundo,Jundo,jundo.jpg,category:pesticides|company:best field ea|type:inputs,Ml,500,J2024020800677,1525,zero,100,,,
Kaolin,kaolin,Kaolin,kaolin.jpg,category:pesticides|company:britanica|type:inputs,Grams,250,K2024020800687,40,zero,100,,,
Kara,kara,Kara,kara.jpg,category:fertilizers|company:kara|type:inputs,Litre,5,K2024020800688,3000,zero,100,,,
Karate,karate,Karate,karate.webp,,Ml,60,K2024020800689,249,zero,100,,,
Kcj Jikos,kcj-jikos,Kcj Jikos,kcj-jikos.jpg,,Pieces,1,K2024020800696,900,zero,100,,,
Kenagro Suppliers Ltd,kenagro-suppliers-ltd,Kenagro Suppliers Ltd,kenagro-suppliers-ltd.jpg,category:herbicide|company:kenagro suppliers ltd|type:inputs,Litre,12,K2024020800697,600,zero,100,,,
Kensalt,kensalt,Kensalt,,,Kg,1,K2024020800698,35,zero,100,,,
Kunde,kunde,Kunde,kunde.jpg,category:others|company:personal|type:inputs,Kg,40,K2024020800718,800,zero,100,,,
Kungunil,kungunil,Kungunil,kungunil.png,category:others|company:greenlife|type:inputs,Ml,1,K2024020800719,120,zero,100,,,
Lambdastar,lambdastar,Lambdastar,lambdastar.jpeg,category:insecticides|company:elgon (k) ltd.|type:inputs,Ml,50,L2024020800720,90,zero,100,,,
Lavender,lavender,Lavender,lavender.webp,category:fertilizers|company:greenlife|type:inputs,Ml,100,L2024020800722,220,zero,100,,,
Maize 43,maize-43,Maize 43,maize-43.webp,,Kg,2,M2024020800778,495,zero,100,,,
Maize Germ,maize-germ,Maize Germ,maize-germ.jpeg,category:livestock products|company:robert ouko|type:inputs,Kg,1,M2024020800784,100,zero,100,,,
Orizon,Aquawet Sticker,Orizon,orizon-aquawet-sticker.webp,,Ml,100,O2024020800968,500,zero,100,,,
Pannar Maize,pannar-maize,Pannar Maize,pannar-maize.jpg,category:seeds|company:pannar ltd|type:inputs,Kg,2,P2024020800995,660,zero,100,,,
Parafin ,parafin,Parafin ,parafin.jpg,category:poultry|company:pecolchem|type:inputs,Ml,100,P2024020800996,60,zero,100,,,
Rodazim,rodazim,Rodazim,rodazim.png,category:pesticides|company:rotam|type:inputs,Ml,100,R2024020801097,248,zero,100,,,
Rodirid,rodirid,Rodirid,rodirid.jpg,category:others|company:atlantis hoshin medical|type:inputs,Grams,10,R2024020801098,20,zero,100,,,
Salt Mineral,salt-mineral,Salt Mineral,salt-mineral.png,,Kg,50,S2024020801120,2250,zero,100,,,
Sevin Dududust,sevin-dududust,Sevin Dududust,sevin-dududust.jpg,,Grams,200,S2024020801136,100,zero,100,,,
Tangawizi,tangawizi,Tangawizi,tangawizi.jpg,category:others|company:mbogo valley|type:inputs,Grams,50,T2024020801231,150,zero,100,,,
Ultradip ,ultradip,Ultradip ,ultradip.webp,category:acaricides|company:sudai|type:inputs,Ml,100,U2024020801302,403,zero,100,,,
Ultramix,ultramix,Ultramix,ultramix.png,category:livestock products|company:utravetis|type:inputs,Kg,2,U2024020801303,320,zero,100,,,
Ultramix Joto,ultramix-joto,Ultramix Joto,ultramix-joto.png,,Kg,1,U2024020801304,150,zero,100,,,
Ultramix Maziwa,ultramix-maziwa,Ultramix Maziwa,ultramix-maziwa.jpg,category:feeds|company:magnetic (k) ltd|type:inputs,Kg,2,U2024020801305,315,zero,100,,,
Unifarm Salt,unifarm-salt,Unifarm Salt,unifarm-salt.jpg,,Kg,10,U2024020801309,180,zero,100,,,
Urea,urea,Urea,urea.jpg,,Kg,10,U2024020801310,680,zero,100,,,
Urea Fertiliser,urea-fertiliser,Urea Fertiliser,urea-fertiliser.jpg,,Sacks,50,U2024020801311,3900,zero,100,,,
Valvazen,valvazen,Valvazen,valvazen.jpg,,Ml,40,V2024020801313,210,zero,100,,,
Vetoxy,vetoxy,Vetoxy,vetoxy.jpg,,Grams,25,V2024020801326,110,zero,100,,,
Water Melon,water-melon,Water Melon,water-melon.webp,,Grams,10,W2024020801354,301,zero,100,,,
Yara M Cerael,yara-m-cerael,Yara M Cerael,yara-m-cerael.png,,Kg,50,Y2024020801389,2200,zero,100,,,
Yara Vita Crop Boost,yara-vita-crop-boost,Yara Vita Crop Boost,yara-vita-crop-boost.png,,Litre,5,Y2024020801401,4000,zero,100,,,
Zetanil,zetanil,Zetanil,zetanil.jpg,,Grams,500,Z2024020801404,750,zero,100,,,
Zinc Boron,zinc-boron,Zinc Boron,zinc-boron.webp,,Ml,500,Z2024020801406,456,zero,100,,,
Zito,zito,Zito,zito.webp,category:livestock products|company:magnetic (k) ltd|type:inputs,Pieces,10,Z2024020801407,120,zero,100,,,
Zolazol,zolazol,Zolazol,zolazol.png,category:drugs|company:cosmos|type:inputs,Grams,5,Z2024020801408,56,zero,100,,,
